{
  "project_info": {
    "project_number": "953490969136",
    "project_id": "test-shopping-firebase-865ff",
    "storage_bucket": "test-shopping-firebase-865ff.appspot.com"
  },
  "client": [
    {
      "client_info": {
        "mobilesdk_app_id": "1:953490969136:android:cd631e35b68ec7657f13f5",
        "android_client_info": {
          "package_name": "com.app.shopping"
        }
      },
      "oauth_client": [],
      "api_key": [
        {
          "current_key": "AIzaSyApsAEj2dXai8S6jx4uk74DWwDvWnnqGRU"
        }
      ],
      "services": {
        "appinvite_service": {
          "other_platform_oauth_client": []
        }
      }
    }
  ],
  "configuration_version": "1"
}